model_name,acc_arc,acc_race
google/gemma-2-2b,0.32412343653885584,0.33360672544597086
microsoft/phi-4,0.4495078941972524,0.8925398127264028
mistralai/Mistral-7B-Instruct-v0.3,0.42490260405987285,0.7030790786685804
